an,nb_expl_06,nb_expl_06_base_100_1970,nb_expl_FR_base_100_1970
1970,10245,100,100
1979,7253,70.79551000488043,79.5
1988,5002,48.82381649585164,64
2000,2620,25.5734504636408,41.8
2010,1894,18.487066861883847,30.9
2020,1192,11.6,24.6