an,nb_expl_corse,nb_expl_corse_base_100_1970,nb_expl_FR_base_100_1970
1970,8884,100,100
1979,7038,79.2210715893742,79.5
1988,5116,57.5866726699685,64
2000,3578,40.2746510580819,41.8
2010,2810,31.6298964430437,30.9
2020,2936,33,24.6