periode,evol_an_moyen
1970-1979,-2.512565863
1979-1988,-2.4
1988-2000,-3.469766868
2000-2010,-3.007960082
2010-2020,-2.27