an,nb_expl_51,nb_expl_51_base_100_1970,nb_expl_FR_base_100_1970
1970,16472,100,100
1979,17102,103.82467217095677,79.5
1988,16758,101.73627974745021,64
2000,14774,89.69159786304031,41.8
2010,14120,85.72122389509471,30.9
2020,13231,80.3,24.6