an,nb_expl_88,nb_expl_88_base_100_1970,nb_expl_FR_base_100_1970
1970,13146,100,100
1979,9960,75.7644910999544,79.5
1988,7465,56.7853339418835,64
2000,4440,33.7745321770881,41.8
2010,3198,24.3267914194432,30.9
2020,2136,16.2,24.6