annee,part_sau_2020
1970,54.44526514
1979,53.70215402
1988,52.06217648
2000,50.71585639
2010,49.08994135
2020,48.69